id,playername,score,coins,kills,damagedealt,dps,timestamp,game_time
1,ndeangelo0,529,9384,49,5980,932,8/19/2022,2981
2,lclaeskens1,989,6449,96,3949,659,3/6/2022,2121
3,owilkisson2,839,3371,60,8608,80,1/12/2022,2116
4,bcastanyer3,546,8889,63,115,870,7/25/2022,581
5,bhughson4,840,108,35,3672,33,3/27/2022,2416
6,efernao5,823,1743,25,8491,492,7/13/2022,1433
7,lollivierre6,157,9680,61,5601,242,5/12/2022,3162
8,lplayhill7,999,5876,51,9087,694,6/27/2022,1084
9,bciciura8,324,4965,97,1983,564,5/30/2022,279
10,ckippling9,895,2333,8,7853,345,3/1/2022,1502
11,lcolletea,826,3465,50,8978,255,11/16/2022,728
12,hburkmanb,834,8422,76,113,391,10/4/2022,1908
13,nvanyc,547,2455,91,1403,850,10/2/2022,26
14,jcuestad,999,9429,87,5854,440,3/25/2022,2099
15,rpillingtone,841,9561,23,9382,537,10/5/2022,2622
16,cdellatorref,820,974,56,1591,180,5/4/2022,2721
17,afairleyg,627,6608,29,1414,906,7/3/2022,3294
18,gmcfarlaneh,632,7070,84,9137,788,3/24/2022,282
19,bdolohuntyi,69,1529,82,3943,478,1/24/2022,905
20,cbedbroughj,161,7242,46,119,114,9/30/2022,3325
21,cchuckk,743,1395,26,3933,805,9/17/2022,1159
22,lraulstonel,651,4562,5,7578,537,5/1/2022,2056
23,cnovakovicm,55,2338,95,3919,679,1/12/2022,1673
24,cstellen,998,7047,17,1006,1000,1/19/2022,3429
25,cnoello,823,635,62,6675,544,5/8/2022,255
26,arultenp,71,8873,94,9762,125,10/12/2022,551
27,cbriskeyq,850,868,16,842,921,6/3/2022,1497
28,drenshallr,134,6523,16,7047,965,7/5/2022,3553
29,kwilkennsons,798,3413,45,9640,466,10/20/2022,1618
30,bmaccardlet,473,3899,42,6960,145,5/13/2022,420
31,ashayu,609,9685,85,7749,928,11/13/2022,2990
32,lantoniottiiv,338,6449,51,2316,443,3/27/2022,1278
33,elandallw,341,6112,79,4873,379,8/31/2022,2472
34,fconeleyx,985,9971,92,5698,805,1/14/2022,438
35,mloinsy,499,1470,62,9770,529,4/27/2022,1909
36,psouthwoodz,224,6273,21,3466,843,8/16/2022,1594
37,hmcnirlan10,549,2243,80,9794,120,1/28/2022,311
38,ldrinkel11,107,7819,16,3755,324,1/26/2022,461
39,fdotterill12,289,77,2,4547,547,5/7/2022,1071
40,cwhitlaw13,483,3543,20,3695,472,7/8/2022,1579
41,msambrok14,656,3365,69,804,696,11/30/2022,2727
42,asmart15,287,1904,64,1297,646,11/1/2022,3188
43,cwaistell16,686,3456,29,6858,858,4/4/2022,590
44,lricciardello17,467,4025,88,7472,706,5/16/2022,3470
45,qcoweuppe18,621,3707,71,3650,52,5/19/2022,1763
46,kparkeson19,804,484,33,6043,178,11/3/2022,1657
47,rkitchinham1a,477,4237,52,1328,783,8/31/2022,1815
48,mneligan1b,253,2831,73,7060,889,6/22/2022,2966
49,mpenquet1c,573,2095,15,359,662,1/4/2022,934
50,bmagill1d,347,4516,71,1467,228,11/14/2022,1041
51,msudworth1e,36,2619,55,5590,978,2/16/2022,2274
52,lbillyeald1f,799,8597,77,9613,599,2/26/2022,3493
53,mnapper1g,586,160,46,4992,295,5/10/2022,1026
54,awhithalgh1h,709,2446,43,8717,704,3/26/2022,1179
55,smccall1i,928,773,57,5440,119,3/28/2022,1365
56,cpieter1j,989,6253,62,5650,154,9/20/2022,2
57,sburtwell1k,688,9747,67,5502,491,7/5/2022,2820
58,lantushev1l,813,9458,52,9285,222,8/15/2022,472
59,bcarolan1m,169,9508,56,64,894,5/30/2022,1356
60,mgue1n,299,9214,85,4289,480,3/20/2022,909
61,cmegahey1o,911,9152,76,2820,528,10/20/2022,1490
62,amawby1p,597,4228,96,7118,690,9/15/2022,1112
63,rgabe1q,251,6880,58,1332,285,2/9/2022,330
64,mreaney1r,937,9398,94,6498,139,11/15/2022,1196
65,pmingasson1s,319,8898,47,5718,943,4/27/2022,780
66,fbessom1t,63,7287,83,7541,404,6/2/2022,1123
67,yheams1u,463,5466,83,3447,751,5/13/2022,1683
68,epargent1v,687,6662,78,84,572,3/6/2022,2025
69,rmanzell1w,381,5682,63,8523,165,1/30/2022,2078
70,tjager1x,917,5737,90,1897,880,10/16/2022,1288
71,nsmalls1y,49,9406,89,9860,156,12/18/2022,1890
72,aandreix1z,199,3761,8,618,812,1/25/2022,336
73,lavramovsky20,284,6214,15,2348,933,9/14/2022,593
74,featttok21,602,3864,3,870,426,4/10/2022,1808
75,palen22,329,2062,43,4112,820,7/9/2022,2425
76,mmaccardle23,233,3593,54,6164,348,7/22/2022,637
77,oturmell24,763,6909,11,5978,375,2/24/2022,2021
78,psedcole25,474,8588,41,7912,712,11/3/2022,788
79,kmatias26,4,2946,26,7271,90,10/12/2022,1264
80,kwalak27,282,1420,22,7229,893,9/9/2022,1325
81,jgrigson28,662,3258,53,4366,301,5/30/2022,980
82,gpaddeley29,603,7474,58,9518,23,11/7/2022,358
83,cfilipov2a,437,9229,44,6735,96,5/4/2022,1277
84,spearman2b,210,5908,75,9122,132,4/8/2022,3308
85,bparlott2c,386,1076,13,953,270,4/3/2022,1345
86,wlukasen2d,763,9133,50,9475,933,5/2/2022,1860
87,ychimienti2e,908,6014,77,4779,417,1/22/2022,3262
88,gharford2f,431,505,75,3937,102,11/10/2022,1025
89,mlithcow2g,301,9720,95,9530,595,10/23/2022,3329
90,mwann2h,436,2068,27,1066,425,10/15/2022,2081
91,ksearles2i,210,3805,35,9493,811,9/15/2022,2951
92,ohenrionot2j,11,8074,77,9176,875,9/11/2022,2262
93,nstillmann2k,880,185,87,3243,417,4/17/2022,2418
94,ngreet2l,349,2911,100,8830,189,7/13/2022,2734
95,staree2m,679,5002,64,9006,977,11/3/2022,1682
96,lpatching2n,122,6527,33,8568,496,10/5/2022,1234
97,csudran2o,167,33,48,7122,352,5/7/2022,620
98,awoollons2p,599,3648,95,2632,416,3/23/2022,2139
99,htorricella2q,791,7079,66,6206,696,11/3/2022,233
100,kjacomb2r,646,1398,88,9407,414,1/13/2022,546
101,sdownton2s,711,1925,99,2357,297,4/27/2022,3012
102,bchampion2t,393,5317,92,84,130,7/13/2022,1228
103,chilldrop2u,59,5314,14,2258,450,10/26/2022,3339
104,sthickens2v,987,9399,37,8053,548,1/24/2022,2416
105,agovey2w,262,6108,76,1114,293,10/30/2022,3465
106,lkighly2x,506,4612,63,7514,8,10/23/2022,2393
107,tgoldis2y,476,3904,84,2513,399,10/28/2022,3458
108,sstollberg2z,465,8798,12,4415,372,8/4/2022,1437
109,amckellar30,757,3774,56,4525,335,5/28/2022,1505
110,draise31,496,9423,84,7349,542,2/13/2022,2463
111,mrosita32,615,2969,18,7413,728,1/13/2022,1532
112,gwalkden33,856,9659,22,4417,71,9/26/2022,2803
113,ynoades34,68,5984,71,8642,980,12/7/2022,632
114,nannice35,32,1049,52,8141,78,7/26/2022,3515
115,nperrin36,521,3503,43,7427,296,7/17/2022,2547
116,dmethingam37,185,6586,22,920,379,6/17/2022,67
117,kboughton38,936,6990,1,8264,161,7/30/2022,1652
118,sbust39,208,2228,23,2699,589,12/15/2022,1724
119,doyley3a,644,4833,58,2613,20,1/15/2022,185
120,kshoubridge3b,889,2569,60,802,124,6/9/2022,3190
121,hkeep3c,796,8569,19,500,454,6/1/2022,2716
122,bbuchanan3d,551,356,23,2412,335,7/4/2022,3527
123,ljeannet3e,36,7832,100,1232,591,12/12/2022,2014
124,bwoodrup3f,676,1311,99,6594,141,10/29/2022,78
125,belfleet3g,328,5234,88,6062,21,8/7/2022,83
126,wlipp3h,269,5754,2,3996,347,3/28/2022,938
127,vdaenen3i,752,3293,59,1150,184,8/28/2022,3081
128,siskow3j,571,31,68,5540,148,12/3/2022,157
129,dduplain3k,835,1347,12,8612,300,6/27/2022,760
130,arainard3l,669,5432,28,4378,259,3/6/2022,1594
131,phasson3m,318,9941,65,5635,684,7/30/2022,3099
132,nbrandreth3n,17,2467,24,200,403,5/1/2022,1942
133,cmycock3o,249,4125,37,7036,971,9/4/2022,2785
134,wstirling3p,459,5950,0,7354,623,6/21/2022,58
135,kbyart3q,182,5952,12,4253,991,8/28/2022,2201
136,urawdall3r,968,1144,54,6550,675,6/28/2022,2864
137,vpearce3s,656,1059,48,5773,57,11/8/2022,435
138,storetta3t,873,9726,71,3844,165,11/9/2022,161
139,arawlyns3u,295,4892,49,7948,89,10/1/2022,1082
140,lworman3v,89,2271,25,4680,410,4/21/2022,1750
141,arimmer3w,215,4936,24,597,91,1/22/2022,3312
142,evaar3x,457,1824,94,1088,923,9/17/2022,1925
143,jisles3y,133,7222,34,3572,863,6/18/2022,535
144,alabin3z,431,8844,20,2189,122,6/21/2022,2721
145,vgwinn40,266,6617,88,6545,666,9/22/2022,1235
146,rfagge41,409,4798,54,6910,752,4/26/2022,759
147,iforsythe42,458,3233,13,7547,332,10/28/2022,801
148,gcuckson43,361,6223,12,6357,545,9/27/2022,115
149,lbelfitt44,893,8055,38,3843,357,2/14/2022,831
150,jmerrington45,760,3208,19,2647,91,2/3/2022,3269
151,tjoris46,667,4314,33,8116,528,10/27/2022,2889
152,iblessed47,402,4344,94,5332,515,5/24/2022,1881
153,mharbottle48,230,4938,25,4437,608,4/28/2022,2518
154,bsorbey49,788,1987,76,5227,239,8/18/2022,1802
155,lcolegrove4a,960,2451,89,6185,497,6/3/2022,3153
156,ktommeo4b,281,6734,76,7215,816,7/16/2022,3484
157,rhalloran4c,46,7298,81,2252,609,10/10/2022,2842
158,dsnugg4d,886,2950,46,274,817,5/11/2022,1062
159,ginggall4e,6,5119,62,635,826,7/22/2022,74
160,jbickerdicke4f,186,5441,22,2291,954,3/27/2022,2861
161,ngeorge4g,415,3367,39,2995,816,11/5/2022,2651
162,sducker4h,740,641,30,7347,891,3/12/2022,2528
163,zcookson4i,595,9605,55,867,263,7/24/2022,1237
164,thambric4j,897,6240,71,4597,72,12/26/2022,186
165,hmortimer4k,953,8791,25,6310,653,9/16/2022,664
166,acolliver4l,300,3920,72,223,75,10/27/2022,3118
167,dshaughnessy4m,189,146,49,3675,773,2/2/2022,3252
168,pbaudone4n,277,5040,66,5161,772,3/23/2022,609
169,amealiffe4o,740,4129,100,8778,253,9/3/2022,2698
170,ggilyott4p,830,1261,92,5658,622,11/23/2022,2583
171,spawlicki4q,530,162,2,1766,769,5/28/2022,763
172,jnewbatt4r,424,4612,98,4289,727,3/25/2022,2017
173,mpatington4s,377,2627,83,3836,588,11/7/2022,2295
174,gmcnamee4t,21,5783,16,6634,781,7/21/2022,325
175,shappert4u,88,1126,53,1525,906,12/15/2022,2508
176,sbier4v,670,3126,65,4433,369,8/29/2022,418
177,epriddey4w,389,7535,51,4225,605,2/20/2022,2697
178,udavinet4x,549,7239,99,7117,479,10/5/2022,2050
179,mtompsett4y,517,590,27,8020,496,9/16/2022,2708
180,kchalkly4z,45,8206,38,3920,515,8/27/2022,3008
181,dmemory50,214,3684,31,433,818,2/17/2022,3420
182,eovendale51,970,3049,33,2063,797,9/1/2022,2363
183,aeggleston52,506,9024,44,6229,703,6/30/2022,2367
184,gwheadon53,141,936,37,6894,3,12/6/2022,389
185,jholdey54,380,9196,21,8904,582,4/14/2022,3394
186,imoubray55,382,2899,8,7643,663,4/22/2022,907
187,cburgess56,20,4774,8,99,681,9/20/2022,498
188,jmarval57,947,382,31,2802,101,3/14/2022,1040
189,pcheley58,723,227,67,8387,665,8/25/2022,1932
190,eferreri59,432,6355,43,8796,228,1/3/2022,1339
191,mcoulthard5a,52,7453,12,4653,631,9/3/2022,2202
192,hwarcop5b,577,6031,12,2288,528,10/4/2022,3048
193,cedginton5c,561,4244,99,4886,543,5/4/2022,1856
194,ljoe5d,785,8916,0,2410,197,4/24/2022,529
195,chuey5e,876,5265,13,1768,386,5/14/2022,2401
196,agoschalk5f,340,6424,97,5066,698,7/1/2022,3527
197,clargent5g,948,8282,19,573,112,7/8/2022,3557
198,menrique5h,408,7083,36,9755,157,7/27/2022,299
199,kgravey5i,998,8288,96,4800,114,11/26/2022,1742
200,avoules5j,397,6967,29,8768,326,7/29/2022,2538
201,tmcauley5k,587,5640,68,4287,994,10/16/2022,767
202,jaburrow5l,735,5120,24,1315,537,12/3/2022,1866
203,rkrook5m,529,4638,20,9717,320,12/8/2022,2944
204,gstothart5n,735,4296,47,5339,411,8/31/2022,2057
205,sbalbeck5o,378,8999,79,2092,643,1/7/2022,2131
206,mquinnell5p,614,5657,45,3343,65,11/3/2022,686
207,narnaldo5q,501,5242,82,6742,66,2/5/2022,3102
208,cmarfield5r,300,2133,54,4259,603,4/11/2022,420
209,rslogrove5s,57,5705,38,4285,311,10/31/2022,2561
210,rcolquyte5t,823,7723,53,9396,300,11/12/2022,1544
211,jmcsorley5u,922,8659,13,1885,7,4/17/2022,2504
212,skibble5v,171,3018,16,1227,727,9/1/2022,3105
213,econibeer5w,807,2044,69,6401,545,10/21/2022,1197
214,dduffet5x,574,4526,39,3387,727,9/21/2022,2170
215,tblabber5y,200,6118,47,4317,287,2/14/2022,423
216,palyukin5z,119,6620,86,6636,901,7/16/2022,2162
217,zlyman60,873,244,32,2144,899,5/3/2022,928
218,cgaley61,377,9251,31,1607,18,12/1/2022,955
219,khurworth62,708,5205,82,6555,390,4/3/2022,663
220,acotterill63,147,8697,46,1511,913,8/30/2022,3356
221,cwinters64,106,8679,48,1836,999,3/18/2022,1538
222,pleffek65,668,7760,97,96,579,12/20/2022,1207
223,ejoselin66,406,8965,75,5830,332,5/21/2022,1107
224,ocurtain67,420,1682,80,3317,459,5/3/2022,3285
225,gmartinetto68,429,5815,21,4203,686,9/2/2022,2316
226,rmccarl69,124,1770,72,2724,628,11/4/2022,2481
227,fswate6a,248,3243,52,9868,395,9/21/2022,1848
228,hfishlee6b,318,32,14,7017,19,9/22/2022,3002
229,eguiso6c,818,1406,84,205,227,12/5/2022,2795
230,gmclese6d,41,6036,0,939,607,7/21/2022,3218
231,dfulford6e,201,3454,21,9049,748,8/20/2022,2164
232,lladloe6f,549,8593,87,5025,78,2/23/2022,928
233,mgubbins6g,893,4676,49,5262,399,12/25/2022,1751
234,zlidbetter6h,138,3061,69,1761,289,12/27/2022,1016
235,kjacobbe6i,272,1196,58,9654,4,12/8/2022,1540
236,cbenardeau6j,661,5519,89,4958,235,11/29/2022,2718
237,wwordsworth6k,724,3119,92,6558,392,2/27/2022,3174
238,mnewham6l,812,5016,88,1216,742,9/18/2022,1437
239,kbrasse6m,299,772,25,6400,981,4/8/2022,3007
240,lviney6n,697,1601,33,211,262,11/30/2022,679
241,mglossop6o,450,2423,12,7024,43,7/24/2022,2455
242,capplewhite6p,813,1389,13,4755,800,2/24/2022,641
243,cmarrows6q,259,9824,74,403,468,2/21/2022,1421
244,crossiter6r,921,480,71,5315,586,6/6/2022,494
245,bcowburn6s,595,6188,41,1195,993,9/18/2022,1674
246,pnoell6t,963,2750,10,6301,102,2/17/2022,2217
247,rvasilic6u,644,3280,40,3249,866,4/26/2022,3042
248,aperel6v,549,687,45,4638,815,6/24/2022,715
249,pchasmer6w,115,5587,25,8978,69,9/14/2022,1931
250,keivers6x,168,4680,19,2918,149,1/14/2022,3511
251,rjanaway6y,258,8698,34,5547,13,4/19/2022,1350
252,pcastles6z,869,5687,17,5414,439,6/19/2022,1034
253,wbrideau70,812,8077,69,3421,87,5/29/2022,1552
254,cellsbury71,148,8683,95,8524,721,6/7/2022,1854
255,cchree72,488,2384,68,85,890,4/18/2022,2738
256,gbyk73,176,1100,13,4003,405,10/24/2022,1823
257,ilabone74,223,8627,4,5900,469,6/17/2022,3081
258,jsmyley75,326,1723,58,8064,768,9/16/2022,38
259,sfishbourn76,84,2367,81,5759,101,2/10/2022,2521
260,lsarjent77,520,9836,34,3992,999,3/27/2022,2910
261,lgoldsack78,312,436,11,2794,673,12/25/2022,765
262,erossborough79,475,9183,38,1038,354,4/3/2022,2209
263,zgloyens7a,56,2552,60,290,572,7/22/2022,3589
264,rstainland7b,644,6279,75,6192,943,6/2/2022,490
265,itoppes7c,121,796,71,7876,846,7/16/2022,3243
266,vrenfrew7d,44,4477,31,1264,837,1/4/2022,3217
267,gtadd7e,281,4280,54,8513,858,2/4/2022,16
268,rorr7f,408,912,45,5976,407,10/27/2022,1931
269,pocosgra7g,257,4222,7,794,743,12/5/2022,866
270,stwidle7h,868,1170,89,2522,979,10/18/2022,289
271,tquarles7i,164,4842,49,2326,937,10/5/2022,2199
272,zconradie7j,6,9760,40,9209,201,12/26/2022,2180
273,wbryan7k,271,9601,33,8805,832,2/19/2022,3177
274,eward7l,630,3096,16,5019,984,1/25/2022,2747
275,spaslow7m,635,7695,74,8015,757,10/27/2022,2327
276,geglinton7n,0,9825,19,1312,708,12/5/2022,1279
277,sdufore7o,877,3054,67,5579,751,10/14/2022,3114
278,rjelks7p,338,989,45,7220,179,3/28/2022,3153
279,gricciardi7q,184,3448,45,5373,414,3/4/2022,3213
280,ztodd7r,648,6747,98,830,947,6/27/2022,3591
281,jkaye7s,456,3277,91,1444,841,2/25/2022,1701
282,pbumpas7t,398,7140,26,3002,823,11/23/2022,360
283,jtantum7u,331,9746,79,5282,989,2/7/2022,137
284,cdeambrosis7v,41,6265,52,6680,463,10/6/2022,2741
285,tmacartney7w,696,8246,95,8058,714,8/20/2022,1287
286,aendacott7x,586,3052,87,3186,99,11/30/2022,604
287,jmcelhinney7y,959,886,88,8744,957,5/6/2022,173
288,lculleford7z,347,7371,5,7982,316,7/7/2022,1853
289,dbugg80,319,351,87,2037,243,10/16/2022,1039
290,fdrewitt81,535,2905,43,1784,560,10/24/2022,2613
291,smccreary82,321,7491,85,8720,371,7/21/2022,2461
292,pbisco83,776,3542,0,9214,456,6/15/2022,2459
293,gplascott84,576,858,68,7054,836,10/15/2022,1117
294,ttucknott85,326,6348,73,6759,507,10/29/2022,2620
295,rcolenutt86,791,4305,40,7061,303,11/15/2022,588
296,grosling87,377,8127,93,1575,7,12/14/2022,2656
297,rjennings88,485,6881,47,6599,775,11/6/2022,2930
298,eyewdell89,923,411,7,7896,976,9/15/2022,2229
299,khache8a,851,4903,100,3845,192,4/25/2022,2581
300,uworts8b,868,308,23,7910,348,8/29/2022,2756
301,rbenettelli8c,282,5277,14,8474,191,7/2/2022,392
302,lridulfo8d,610,4334,23,7426,465,3/1/2022,3326
303,adyett8e,505,1696,11,6823,94,6/3/2022,1209
304,kpachta8f,114,4265,13,7507,48,8/9/2022,3551
305,nbettenson8g,849,8878,50,9624,577,2/25/2022,1368
306,llofts8h,194,8102,30,299,368,10/29/2022,478
307,abotly8i,173,5796,81,8211,665,1/16/2022,3313
308,msertin8j,706,6705,79,2672,34,10/6/2022,1007
309,gderoche8k,577,255,89,777,970,5/27/2022,174
310,mattride8l,407,7388,45,2147,551,10/5/2022,1912
311,omoret8m,528,1661,83,4314,453,8/10/2022,3536
312,smcgiffie8n,411,9829,62,1012,859,7/20/2022,827
313,sneggrini8o,409,580,85,1401,68,1/4/2022,2838
314,cwinchcum8p,76,6442,91,6784,467,6/9/2022,1722
315,mgabe8q,106,837,31,4,729,7/10/2022,1892
316,lgaskarth8r,676,1085,49,1848,586,6/5/2022,3473
317,alucius8s,466,890,54,3572,11,10/1/2022,1345
318,emccomish8t,269,4583,18,7000,67,3/25/2022,2957
319,cducker8u,735,821,76,54,620,8/1/2022,2524
320,ehelstrom8v,528,5447,79,8597,220,6/6/2022,1051
321,mfloyed8w,995,5092,80,3396,781,12/25/2022,927
322,bdumbar8x,921,1164,24,684,981,5/18/2022,2047
323,cfort8y,702,1087,83,7282,489,7/8/2022,2187
324,pstiggers8z,834,2945,50,8009,376,2/26/2022,326
325,gsincock90,128,447,26,7624,990,10/2/2022,1473
326,gkinkade91,85,6180,100,5868,870,5/25/2022,1978
327,lbernadzki92,514,3222,46,9048,757,9/26/2022,458
328,epym93,190,4581,84,131,519,1/1/2022,1721
329,lkasbye94,834,8345,3,6880,533,5/2/2022,2702
330,yfensome95,532,2013,85,7628,800,2/26/2022,592
331,acalladine96,683,3072,51,1715,224,9/11/2022,2150
332,dwoofenden97,369,4944,45,2595,498,11/8/2022,1056
333,pcrowther98,84,7010,71,6663,426,12/7/2022,3049
334,ldenekamp99,463,8454,74,7554,815,4/25/2022,2747
335,bsannes9a,520,5736,24,8931,425,10/25/2022,2613
336,bhedley9b,803,3417,73,2485,774,12/2/2022,540
337,bcressor9c,767,3189,0,5877,726,2/23/2022,931
338,ameineken9d,226,3020,54,6936,802,1/17/2022,940
339,cvaughanhughes9e,279,1863,46,554,166,1/10/2022,2592
340,wmeadus9f,626,2230,55,2239,16,6/29/2022,2771
341,hkliemchen9g,552,4649,10,5192,90,1/13/2022,3348
342,shencke9h,783,3932,30,1986,905,12/23/2022,3505
343,wobradden9i,512,3550,83,7045,367,5/12/2022,3033
344,mbolton9j,693,5187,50,1477,210,10/18/2022,3136
345,hjimeno9k,855,1990,92,2029,686,4/3/2022,3107
346,fkos9l,802,2988,89,1477,897,8/18/2022,859
347,abogart9m,92,5279,33,1658,718,8/23/2022,2634
348,rclacson9n,575,8754,34,1099,580,6/2/2022,501
349,fcossentine9o,626,4629,29,3003,132,11/2/2022,1015
350,lscyner9p,619,1156,20,1522,702,5/20/2022,2327
351,csellan9q,551,229,13,8439,779,11/2/2022,58
352,dwillcott9r,317,1907,55,6698,992,8/4/2022,3098
353,zparlot9s,174,2867,70,6021,996,4/27/2022,2219
354,wlarmour9t,104,1178,40,6270,731,8/16/2022,478
355,hboissier9u,926,3218,47,3438,870,8/1/2022,1613
356,rfitchett9v,737,8035,26,4191,587,8/31/2022,2678
357,rbristo9w,734,6542,36,2008,189,6/13/2022,1699
358,lversey9x,663,1123,42,2676,263,6/6/2022,721
359,adallaghan9y,372,9810,42,8034,751,10/21/2022,3439
360,lbrun9z,955,5979,94,7720,955,2/12/2022,2827
361,rperella0,774,4469,81,8218,126,5/17/2022,2416
362,kgimbera1,387,4282,23,7417,76,7/29/2022,1989
363,brookledgea2,496,1231,64,5971,113,3/1/2022,1469
364,mmagnea3,935,1418,48,2687,915,1/21/2022,1134
365,ashrievesa4,727,2601,91,2409,987,2/16/2022,17
366,dmucklestonea5,162,9030,22,3330,870,6/10/2022,1495
367,lcrippesa6,764,5594,6,963,706,11/11/2022,1477
368,bkenwooda7,126,4326,21,4050,963,8/27/2022,2391
369,kgeartya8,661,1788,68,6998,324,7/28/2022,943
370,haltya9,950,9323,7,9166,856,4/16/2022,1707
371,mrosindillaa,823,2901,33,8409,43,3/11/2022,3520
372,amoulderab,249,6737,56,5294,122,1/11/2022,2868
373,pgrayshanac,791,281,13,4105,544,12/12/2022,3205
374,kpirouetad,139,2895,9,6229,721,11/30/2022,1248
375,pfarthingae,117,2001,76,8671,264,8/18/2022,2252
376,rfitzgeraldaf,20,7988,76,6464,852,7/29/2022,3214
377,mhoferag,755,1437,63,8192,151,3/20/2022,2521
378,sgreneah,151,3279,42,3532,623,1/7/2022,2707
379,wcarltonai,963,175,62,655,467,8/23/2022,3329
380,hbickerstasseaj,379,9602,68,9015,443,6/17/2022,1582
381,btugmanak,270,4903,92,391,397,7/25/2022,2132
382,ppietaschal,775,430,35,3164,809,10/29/2022,2175
383,acommonam,950,9093,36,4264,896,8/6/2022,2699
384,eohanniganan,764,7681,92,1876,483,12/24/2022,2607
385,sdiaperao,942,731,35,3325,201,1/15/2022,2712
386,lmacounap,192,3676,25,8315,420,8/14/2022,3128
387,rnevisonaq,405,9823,34,8451,494,1/4/2022,840
388,gparamorear,129,300,5,987,343,1/7/2022,1816
389,sbettlesas,941,7860,37,3136,72,8/15/2022,609
390,fwhopplesat,898,1962,33,3034,634,7/27/2022,506
391,jravelau,396,3814,92,5200,210,2/25/2022,1842
392,jgalliardav,392,7928,82,7313,720,5/10/2022,2211
393,gledrunaw,618,4701,9,3142,612,2/25/2022,2798
394,ewelhamax,759,95,45,8732,442,11/13/2022,1924
395,kmesnarday,96,2378,72,8646,567,11/8/2022,1915
396,mjaneaz,229,7148,46,6013,990,6/2/2022,903
397,cnewarkb0,348,5523,9,7370,79,2/28/2022,2158
398,randrosikb1,65,4974,0,1418,792,7/6/2022,1738
399,kclanceyb2,604,5136,60,7882,124,4/28/2022,2372
400,wbeyneb3,12,4104,97,3898,746,7/23/2022,1335
401,jmattysb4,119,8788,58,364,433,2/3/2022,2958
402,xclackb5,532,2639,80,187,626,7/18/2022,913
403,jlambrechtb6,292,8558,4,324,124,10/4/2022,2888
404,gsammonb7,931,1022,93,6350,597,1/29/2022,2119
405,ckayleyb8,732,6650,23,6821,846,10/19/2022,1623
406,idellortob9,509,5318,42,2059,309,7/11/2022,305
407,bheintzeba,163,2171,56,4917,450,2/7/2022,2487
408,jneylanbb,56,8615,8,335,679,11/5/2022,2062
409,marthursbc,775,3161,71,1460,727,7/30/2022,1100
410,rfellonabd,735,8274,52,6227,444,5/4/2022,2980
411,lkenwrightbe,190,8810,30,9797,752,10/1/2022,1938
412,cbockebf,112,2682,6,5415,161,6/3/2022,3442
413,ewaitbg,686,5760,89,1779,101,6/18/2022,2917
414,ebaffinbh,289,6810,29,2663,484,1/25/2022,2680
415,ovicebi,471,4560,48,564,201,12/16/2022,3209
416,kcamollibj,820,3739,86,7431,296,8/1/2022,2089
417,fmarquetbk,732,4798,12,8721,958,12/15/2022,1075
418,ayukhtinbl,571,6771,76,7207,632,8/2/2022,1073
419,cborrowsbm,481,8967,38,1359,323,10/19/2022,1841
420,peliazbn,737,4552,1,6108,482,11/13/2022,2398
421,tpolglasebo,147,3837,16,7335,790,8/14/2022,3311
422,vlererbp,476,1728,44,9468,25,4/27/2022,659
423,ppirdybq,487,9349,76,3806,807,10/2/2022,1295
424,twollandbr,231,3830,49,8078,602,3/16/2022,3371
425,llacostebs,272,3910,88,1384,994,1/5/2022,98
426,ffedynskibt,996,9297,81,2583,927,12/16/2022,474
427,jrawlsbu,839,9323,81,9840,588,11/19/2022,2610
428,cscrannybv,483,8166,80,4449,571,2/5/2022,2108
429,gdreierbw,481,431,94,6116,635,7/21/2022,2341
430,dcussbx,438,1543,89,9394,411,3/13/2022,1692
431,sledinghamby,957,4792,58,2045,685,3/12/2022,1984
432,crunhambz,332,4013,33,7499,863,12/9/2022,3143
433,rrexc0,817,6994,76,4368,579,11/24/2022,1983
434,ldrucec1,239,4637,87,7327,433,12/16/2022,519
435,demmsc2,933,3748,29,8206,110,4/11/2022,3522
436,nantonovicc3,561,3635,54,5919,8,5/25/2022,2455
437,hfellonac4,809,835,86,9618,193,12/25/2022,692
438,tallenc5,182,4246,41,4497,492,10/19/2022,397
439,livancevicc6,495,6255,77,4507,143,9/15/2022,1859
440,tarnaldoc7,642,28,92,1691,460,3/16/2022,1107
441,magassc8,345,5529,52,1168,34,9/18/2022,1845
442,kpetruszkac9,881,8837,40,549,936,11/13/2022,436
443,aclendeningca,113,199,53,7633,407,8/31/2022,3589
444,ekyrkemancb,175,889,21,2813,458,1/18/2022,3600
445,chalpinecc,38,9260,76,8709,437,10/27/2022,2846
446,ntizardcd,870,8810,12,5241,926,8/22/2022,2585
447,ipedrice,445,1740,99,5974,893,7/1/2022,2139
448,wsanbrookcf,39,2534,87,5362,649,8/14/2022,717
449,jisacqcg,474,7285,94,8263,775,3/17/2022,626
450,cforsonch,268,8291,89,3800,843,10/23/2022,410
451,kdurnoci,51,149,49,4896,400,12/14/2022,1065
452,gstarfordcj,131,9103,50,111,439,11/9/2022,1029
453,fguyverck,172,6298,84,7430,899,11/24/2022,1141
454,bprimecl,693,658,51,7054,286,7/23/2022,311
455,mbartlomiejcm,831,432,42,8477,100,2/8/2022,2675
456,mbailecn,69,7362,21,8094,728,6/5/2022,1327
457,wpaynco,227,3127,67,3175,17,9/28/2022,903
458,jhannecp,628,2562,55,4682,606,7/15/2022,1407
459,ygledercq,276,8524,88,4326,842,8/28/2022,3320
460,hquartermainecr,96,792,67,6479,832,6/16/2022,3011
461,pgillivercs,831,3230,14,2924,759,4/9/2022,873
462,ejulyct,938,3482,24,4335,354,6/21/2022,525
463,redridgecu,910,1680,3,7421,589,3/9/2022,678
464,jkliementcv,217,9395,90,3604,451,7/23/2022,468
465,ghubatschcw,712,714,70,2204,542,3/19/2022,2853
466,wdarrigoecx,100,8015,73,2744,479,4/15/2022,2674
467,pbrownsillcy,76,702,28,3380,593,4/12/2022,230
468,ldabnotcz,434,5870,74,4342,714,8/22/2022,169
469,aevensd0,306,2257,69,5213,969,10/10/2022,1903
470,rduttond1,421,6850,100,8248,379,1/28/2022,1964
471,mhillockd2,397,3724,100,8220,568,1/15/2022,2851
472,ohembrowd3,32,5845,18,7652,606,5/18/2022,163
473,blemmersd4,109,7885,42,8447,951,11/5/2022,3404
474,ahinschd5,192,2448,36,6434,715,7/31/2022,1419
475,npurselowed6,912,6358,20,8099,978,3/24/2022,1943
476,hschulterd7,408,4470,31,9461,17,1/8/2022,1500
477,wgallafantd8,582,8930,48,7376,499,5/28/2022,1884
478,aharyngtond9,341,9664,89,9560,314,1/8/2022,3361
479,omacnishda,774,3632,88,1177,469,10/4/2022,1175
480,tdesmonddb,116,7482,2,2963,141,3/7/2022,3035
481,dwoodhalldc,376,385,27,9660,357,4/18/2022,1639
482,jorowanedd,669,6325,62,799,446,8/22/2022,3548
483,rthurstancede,528,6932,25,1852,180,3/21/2022,1033
484,lczajkadf,690,797,59,6374,486,7/10/2022,1004
485,cdedomenicisdg,745,4138,97,8583,825,6/21/2022,527
486,bgerretsdh,209,1590,97,8160,256,11/9/2022,1977
487,bderilldi,974,2334,31,6386,935,6/14/2022,6
488,gpersencedj,109,1474,53,6433,871,7/23/2022,501
489,hgrangerdk,316,3073,25,5743,501,5/11/2022,548
490,cmeardondl,155,3879,44,7144,489,7/11/2022,2959
491,hjosskovitzdm,834,8860,23,6109,959,2/11/2022,1758
492,ocordsdn,192,8023,37,6459,960,6/23/2022,1280
493,mbonnordo,660,5959,83,530,223,5/14/2022,3428
494,czavattieridp,113,5846,66,4705,84,3/18/2022,3029
495,srekesdq,296,9197,77,1077,867,8/14/2022,1997
496,kmosdelldr,211,8337,47,665,923,2/28/2022,2269
497,mgoozeeds,498,1666,33,2905,940,2/1/2022,1244
498,mdanaherdt,268,8690,100,4310,665,9/20/2022,416
499,atannerdu,433,6341,86,2955,301,11/21/2022,241
500,cvongladbachdv,703,132,18,822,118,1/24/2022,3443
501,ghindrichdw,942,9345,22,2997,748,8/21/2022,783
502,kstuerdx,736,9157,49,186,277,12/9/2022,981
503,ngatrelldy,140,868,69,4684,220,7/6/2022,2499
504,kperkisdz,940,463,18,234,668,7/28/2022,3587
505,hgyngylle0,308,4072,50,4777,944,1/3/2022,206
506,awalentynowicze1,581,9,80,4966,936,12/6/2022,1356
507,ahinzere2,783,8209,16,5244,190,11/29/2022,3574
508,lselesnicke3,511,3287,29,4136,364,6/5/2022,1708
509,tdiggense4,355,4703,74,3727,687,8/9/2022,1010
510,cpadghame5,821,1083,71,7152,935,10/9/2022,2026
511,rdutche6,118,2854,93,7331,975,4/2/2022,911
512,rcabenae7,704,432,51,2175,557,10/6/2022,582
513,eiowarche8,659,8271,33,3069,815,3/8/2022,154
514,dcawthrone9,260,2254,69,2607,520,11/19/2022,988
515,msmeesea,872,2773,21,4933,141,3/15/2022,1578
516,amerrieneb,802,6824,50,6570,181,4/12/2022,983
517,ppedrielliec,639,4314,91,6293,968,11/19/2022,2066
518,bgiacomettied,870,9765,31,1041,354,6/6/2022,888
519,gfryettee,343,9364,90,9950,81,10/11/2022,2729
520,gcalderbankef,266,9434,20,9591,612,10/18/2022,1518
521,hzavittierieg,918,9323,39,9376,361,1/24/2022,269
522,asilsoneh,813,3467,97,6611,450,1/16/2022,1732
523,ljeramei,385,1257,44,7060,697,5/16/2022,1995
524,labadeej,56,6118,66,6567,357,11/17/2022,1500
525,hsabaterek,565,9012,59,6592,658,12/5/2022,2788
526,cgaifordel,348,8083,14,9938,20,10/15/2022,3510
527,agallelliem,744,8463,29,3188,616,9/17/2022,2099
528,fparsonsonen,333,116,18,5507,463,5/22/2022,3397
529,fwhiteleyeo,821,6131,67,311,556,12/28/2022,1588
530,cshotboltep,917,7325,11,8061,133,8/1/2022,384
531,llaurandeq,181,5571,64,2413,431,10/5/2022,833
532,sbulmaner,0,4918,74,6693,151,9/25/2022,2097
533,glittes,365,8120,89,3467,143,7/15/2022,916
534,ebourbonet,526,87,78,3856,52,8/26/2022,1651
535,awoodereu,510,7151,70,9596,677,5/21/2022,1717
536,tcardonev,926,6106,67,5997,199,8/14/2022,3508
537,ohixsonew,935,4798,12,5146,274,4/7/2022,1753
538,eleneyex,58,3344,84,4490,34,8/9/2022,1220
539,jvennyey,366,816,57,7956,995,10/11/2022,2930
540,rheapeez,58,3869,9,6277,590,11/14/2022,2249
541,cbaptyf0,341,4539,17,1458,56,9/26/2022,1791
542,rhamertonf1,826,5485,11,3973,738,7/28/2022,1486
543,dfennf2,451,4841,19,4661,976,9/5/2022,2225
544,fcoburnf3,582,3595,3,9930,486,3/18/2022,1956
545,gminnockf4,798,2233,0,7910,189,3/16/2022,2416
546,gsurplicef5,232,1546,22,2623,916,6/11/2022,3025
547,adarkerf6,5,8092,62,5434,118,2/23/2022,3059
548,ntidballf7,26,4925,46,4361,588,8/11/2022,3214
549,tadaminif8,427,9029,15,5009,381,5/13/2022,2509
550,estricklandf9,351,4119,4,4004,576,6/10/2022,2256
551,kswinnertonfa,137,4296,48,515,917,8/29/2022,1193
552,vsummerhayesfb,231,8590,29,2902,588,8/19/2022,1243
553,mknaggesfc,829,6797,16,6815,120,10/17/2022,713
554,aartheyfd,408,4116,57,943,552,6/16/2022,1643
555,slaffanfe,953,1464,59,9213,20,2/22/2022,1351
556,ppreeneff,620,497,65,4305,847,11/27/2022,3129
557,rhacklyfg,613,4499,28,3204,848,2/8/2022,2228
558,rstokoefh,885,3330,9,3196,811,10/2/2022,2930
559,nouldcottfi,196,4927,28,574,835,8/25/2022,1218
560,dparkenfj,800,6689,77,2090,983,10/11/2022,722
561,cisabellfk,407,8804,39,1832,361,12/26/2022,1762
562,aborzonifl,595,2195,96,4723,984,3/6/2022,179
563,jpattendenfm,712,532,71,5525,541,9/12/2022,1384
564,mgoodacrefn,649,1708,42,3474,173,7/13/2022,1929
565,dkemberyfo,470,2896,68,9945,31,3/30/2022,1118
566,jdufallfp,265,296,97,8634,821,3/20/2022,2537
567,mfancourtfq,9,930,39,8864,51,5/28/2022,2334
568,ckopsfr,371,175,46,4351,821,2/27/2022,2097
569,mespaderofs,168,557,92,7921,133,3/10/2022,2387
570,mvinickft,89,6892,36,5062,240,8/6/2022,1493
571,cburgefu,759,1997,80,431,866,11/12/2022,3307
572,ctilberryfv,809,5781,1,2916,671,1/4/2022,2756
573,wbradwellfw,36,8557,98,3778,238,12/15/2022,1099
574,mfortinfx,791,2935,79,2080,31,10/31/2022,848
575,rmelmethfy,921,4271,92,4414,41,2/6/2022,2588
576,gpiersfz,594,5209,95,9134,804,1/13/2022,3532
577,gortong0,902,8491,6,2292,53,8/13/2022,651
578,bhollingbyg1,882,2159,84,9010,607,10/19/2022,1406
579,cdominicog2,212,793,53,4126,334,10/6/2022,3361
580,alamplughg3,650,7862,2,1649,613,4/11/2022,1468
581,abattersg4,470,6102,23,6587,851,4/10/2022,1001
582,dalgeog5,447,2936,57,9394,211,11/13/2022,129
583,jgrayshong6,780,4707,3,5473,273,12/9/2022,2889
584,sinnottg7,662,8672,2,2287,217,1/13/2022,3300
585,msleenyg8,887,509,51,6650,230,12/23/2022,1062
586,pcoareg9,929,3355,56,9279,123,12/19/2022,3455
587,shansenga,962,3152,17,4177,73,2/21/2022,927
588,shabbingb,119,2334,52,1251,292,9/3/2022,11
589,adunstallgc,634,1293,40,4383,847,10/23/2022,1619
590,lbentsengd,172,4947,83,5718,256,3/5/2022,189
591,mraynege,35,5539,37,9556,730,10/15/2022,1281
592,lawtygf,860,4582,80,9937,38,7/15/2022,2427
593,sstudartgg,799,217,94,5748,655,11/15/2022,3541
594,ggiffgh,770,1473,37,5830,560,2/4/2022,2133
595,dzuenelligi,617,3729,59,1728,388,2/24/2022,3521
596,gchidzoygj,602,1802,42,2860,55,4/22/2022,203
597,pjobbgk,267,5739,37,6525,664,5/14/2022,769
598,jchettoegl,227,5057,12,3071,974,11/16/2022,1652
599,eayliffegm,741,2940,47,5478,613,7/2/2022,2021
600,swileygn,974,6855,2,9559,342,3/26/2022,2391
601,cfeathersgo,290,683,75,8899,231,7/7/2022,568
602,lscuttgp,100,3745,69,1738,389,8/4/2022,2985
603,bkeatesgq,305,7216,7,3170,498,2/22/2022,367
604,gsmurfittgr,514,835,31,1493,39,7/19/2022,3559
605,opedycangs,500,979,20,4347,53,6/23/2022,3490
606,owoodwindgt,85,2711,47,9095,489,6/24/2022,1448
607,lmilbygu,647,756,72,2345,694,10/25/2022,1496
608,rparringv,209,3962,68,9719,681,10/17/2022,585
609,kevertgw,960,4622,65,8068,696,3/9/2022,817
610,hroccogx,650,4059,94,74,418,3/13/2022,1064
611,rkerssgy,488,1154,2,1654,995,11/11/2022,953
612,ralthropgz,6,3024,4,956,570,1/30/2022,3391
613,gkenneyh0,232,4301,36,5099,952,12/24/2022,3219
614,pheinemannh1,473,2114,87,1111,998,7/20/2022,726
615,dcrightonh2,919,5661,62,3243,971,1/26/2022,2171
616,bgeindreh3,248,7732,91,2601,446,10/18/2022,468
617,rmckellenh4,416,1247,84,6120,403,2/20/2022,3136
618,nkilgrewh5,483,7255,64,5006,663,11/24/2022,24
619,ssnalumh6,277,8321,57,8318,110,12/8/2022,1397
620,clapthorneh7,680,1848,28,9716,328,4/22/2022,1995
621,esehorschh8,10,8765,87,9039,157,9/26/2022,483
622,gellulh9,326,8176,44,7329,481,11/16/2022,821
623,ocondictha,764,5819,29,5640,679,5/1/2022,840
624,wdankersleyhb,627,8531,52,5110,938,7/5/2022,2650
625,twithinshawhc,342,4259,0,8704,34,8/7/2022,1971
626,asutworthhd,854,558,18,1227,712,4/23/2022,2440
627,lbullenthe,214,9917,82,97,518,1/24/2022,2543
628,logerhf,333,5890,21,6304,407,6/29/2022,1238
629,lboyeshg,261,4037,97,2289,925,4/25/2022,1994
630,ndashh,421,5527,89,3641,242,4/2/2022,3170
631,alouchhi,365,8907,36,8440,416,6/8/2022,3179
632,gwhostonhj,465,2448,22,8728,240,7/16/2022,811
633,wconyershk,927,8153,55,5996,274,8/5/2022,2265
634,dbeneyhl,40,7707,79,4173,621,12/12/2022,2538
635,anergerhm,914,3295,65,8136,599,6/1/2022,2010
636,fathertonhn,292,8996,28,2305,721,4/17/2022,578
637,rlongdenho,89,8628,17,1319,345,3/24/2022,2313
638,lmatussovhp,691,3742,57,3856,269,9/15/2022,2167
639,welkinhq,894,8588,85,1359,540,11/19/2022,985
640,rcookleyhr,974,3421,59,199,661,10/28/2022,1448
641,acornehlhs,710,8246,60,8633,879,3/5/2022,1639
642,acowitzht,582,1335,33,7187,812,9/4/2022,887
643,fcusworthhu,852,8050,25,0,546,11/23/2022,2959
644,ephauphv,137,3424,9,6671,462,3/2/2022,984
645,ggrigorianhw,731,2329,76,42,868,7/20/2022,1708
646,aupwoodhx,907,3848,1,2214,221,7/23/2022,2629
647,inairyhy,621,9047,35,478,100,9/28/2022,508
648,clewerhz,358,3120,100,9377,989,2/9/2022,1265
649,ctouroti0,218,9194,78,2353,813,1/21/2022,2806
650,hmattussevichi1,813,9690,81,3694,743,1/2/2022,3191
651,mierlandi2,523,8970,54,3676,127,3/22/2022,1828
652,esinclairi3,996,4991,0,3457,138,10/4/2022,128
653,gmehewi4,128,2959,48,1419,405,3/13/2022,2082
654,lspolleni5,487,7985,2,2133,270,2/17/2022,603
655,wrahli6,459,9175,100,7759,658,3/21/2022,3404
656,rparissi7,794,1186,100,816,99,6/17/2022,427
657,pbecksoni8,50,6123,57,9291,696,5/17/2022,1701
658,rkruschevi9,309,8970,49,8294,341,1/31/2022,1216
659,gsheffieldia,916,6436,65,2193,693,5/2/2022,687
660,mmckinlessib,757,4279,58,2471,392,4/5/2022,760
661,wquippic,904,9805,74,369,522,6/17/2022,3469
662,kperotid,369,1593,0,27,557,4/30/2022,330
663,gmoresbyie,136,1640,91,4966,665,1/17/2022,820
664,awhitmanif,827,3303,39,4801,328,7/21/2022,335
665,gjablonskiig,205,2714,75,8982,886,8/11/2022,917
666,dcorkerih,561,7035,26,3055,840,3/25/2022,2084
667,clegroveii,363,8981,15,1124,177,8/6/2022,2623
668,adeavinij,858,3438,48,5934,925,11/28/2022,1649
669,kbaccusik,108,9271,34,591,862,11/3/2022,303
670,ajarvieil,601,5098,61,6941,593,11/2/2022,2486
671,swoollardim,893,5537,75,182,849,12/26/2022,1601
672,rfennellin,597,6163,68,2707,509,1/23/2022,685
673,jtelezhkinio,778,5983,29,2230,771,5/2/2022,2634
674,espyvyeip,307,1609,96,2117,826,3/13/2022,1311
675,vlukeriq,421,8844,32,4310,661,11/5/2022,1659
676,dratledgeir,946,3824,83,760,99,8/17/2022,1946
677,gpentonis,866,9520,65,4232,82,8/28/2022,412
678,egrettonit,268,8777,75,9896,249,4/14/2022,3185
679,dpicknettiu,417,9198,91,2015,563,5/6/2022,2492
680,omclugaishiv,807,2040,98,6213,52,8/19/2022,3500
681,fgainsburyiw,9,864,31,9439,996,7/3/2022,3051
682,nbeesleyix,285,382,50,3831,381,3/2/2022,1485
683,tdinsaleiy,607,5886,89,7325,273,11/14/2022,3268
684,tblemeniz,244,6536,32,1319,928,9/25/2022,2377
685,rbartolettij0,468,2395,24,7587,130,8/16/2022,961
686,wkneebonej1,204,5740,46,643,798,11/3/2022,2399
687,beptonj2,992,6459,47,2161,383,5/5/2022,2410
688,kchimientij3,989,735,6,6894,555,7/7/2022,719
689,cimessonj4,522,2999,54,3364,476,9/29/2022,1676
690,spaslowj5,760,2923,54,1174,431,10/10/2022,1821
691,gjeremaesj6,751,9760,14,1042,132,6/12/2022,1277
692,tgillibrandj7,835,4670,83,9605,1000,6/8/2022,2773
693,mkienleinj8,430,6970,48,8823,833,4/5/2022,136
694,sbrandtsj9,141,3121,23,4494,14,6/21/2022,454
695,dharbertja,661,6442,51,540,418,7/7/2022,2821
696,hremonjb,107,1975,28,2874,7,9/24/2022,168
697,lpoadjc,862,8628,33,6483,997,10/8/2022,2177
698,asaleryjd,931,9423,73,6635,674,8/8/2022,5
699,mickovitzje,904,1227,73,521,739,8/30/2022,1198
700,aairdjf,237,5433,67,5575,149,7/14/2022,3343
701,bgricksjg,987,2513,90,4933,194,8/4/2022,2756
702,sledgardjh,699,2372,51,4258,426,10/27/2022,166
703,cfortounji,908,7159,2,6084,49,9/28/2022,3448
704,rdelaprellejj,224,8201,0,3562,552,5/24/2022,2034
705,cobrallaghanjk,479,7639,13,9893,808,1/19/2022,3218
706,rbrotherickjl,613,2480,12,493,808,6/27/2022,41
707,amcmurtyjm,2,3252,42,3350,237,2/28/2022,2828
708,lcaslanejn,37,7905,16,3742,451,4/7/2022,2627
709,hgridonjo,995,5542,54,5032,418,12/25/2022,1906
710,dlockhartjp,423,2067,35,8776,534,4/22/2022,2520
711,vbirranejq,718,6829,21,8801,488,10/3/2022,1503
712,kmouncherjr,650,2122,56,391,237,1/12/2022,999
713,nmadnerjs,879,7879,85,4355,463,3/18/2022,693
714,bpunchardjt,467,1593,18,1339,793,9/13/2022,508
715,cblandenju,77,943,53,9923,15,3/2/2022,3001
716,jhardinghamjv,643,1509,13,4415,529,5/14/2022,2953
717,wmacieiczykjw,153,8787,71,502,331,5/4/2022,2390
718,okennsleyjx,352,7994,2,9127,608,11/19/2022,675
719,jpeekevoutjy,400,7790,59,5093,822,2/23/2022,1956
720,fpetcheyjz,777,980,2,1594,993,6/24/2022,2390
721,setheridgek0,299,1491,26,5558,440,7/26/2022,1316
722,dilsleyk1,634,8487,58,7561,132,11/24/2022,1437
723,wcoddringtonk2,596,5527,38,430,318,4/10/2022,1691
724,ckitneyk3,504,7318,21,2264,545,1/12/2022,1327
725,ajanuk4,498,6098,83,7013,806,10/31/2022,3302
726,rpetrosellik5,182,1268,100,1974,451,7/15/2022,1084
727,eellowayk6,870,1603,25,1363,681,9/26/2022,801
728,tcosseyk7,851,1582,42,5,387,8/10/2022,3549
729,afabryk8,270,8359,48,3875,386,6/3/2022,3545
730,cpipesk9,844,2585,71,884,524,11/17/2022,611
731,odoxeyka,378,7598,71,3116,170,2/10/2022,1931
732,ddominiquekb,70,5291,14,2011,45,10/29/2022,3136
733,gdurgankc,183,6700,15,4740,478,8/20/2022,3343
734,hlawerencekd,0,5220,31,6226,622,12/25/2022,2446
735,lwhitfieldke,113,6893,78,305,801,7/14/2022,3168
736,myankishinkf,153,4641,70,9118,578,3/9/2022,83
737,pmarquiskg,203,5385,22,1186,631,1/3/2022,3063
738,otestrokh,564,957,32,1517,323,11/11/2022,2623
739,osotheronki,225,3463,60,4309,183,7/6/2022,3073
740,atiesmankj,65,4934,6,667,878,2/23/2022,1929
741,kliddlekk,672,8652,70,8882,91,3/18/2022,1090
742,rforrekl,640,7598,89,1412,702,5/1/2022,3270
743,aspennockkm,262,8179,69,6045,860,1/19/2022,3462
744,imolohankn,761,5695,73,449,532,7/1/2022,194
745,cdominighiko,343,3730,66,1080,948,5/11/2022,2386
746,ppemblekp,958,6033,10,4864,648,9/15/2022,1923
747,yduddridgekq,824,9219,12,9405,682,3/22/2022,3559
748,cbileskr,10,172,77,123,725,2/5/2022,1875
749,gbloxsomks,240,680,3,145,159,6/10/2022,2625
750,byurchenkokt,164,7290,19,6571,128,4/8/2022,124
751,rfuzzardku,614,212,50,1448,709,2/18/2022,3296
752,rredihoughkv,100,9323,10,3512,412,11/11/2022,1668
753,dlecountkw,351,3847,96,3684,601,4/30/2022,1945
754,emaccartneykx,39,3829,59,8916,986,1/6/2022,649
755,rmirfinky,39,7374,82,2688,422,3/30/2022,632
756,mwiddisonkz,800,3447,53,8740,935,12/20/2022,803
757,tnellisl0,246,5045,80,4219,346,9/2/2022,2904
758,wlaysonl1,992,3119,14,1852,581,8/18/2022,1049
759,vjurisl2,125,5885,89,2259,74,9/18/2022,2260
760,eyanovl3,516,4067,34,4113,138,5/20/2022,2004
761,ghandlingl4,541,2856,28,8064,126,1/27/2022,1995
762,lupstonel5,840,1392,20,5759,840,10/8/2022,3325
763,rkerl6,727,7319,45,1230,886,1/11/2022,3026
764,wdantonl7,274,5530,38,2328,266,3/3/2022,3222
765,doliveyl8,82,9963,44,2085,110,1/10/2022,1620
766,aekkell9,83,8915,17,8824,992,11/17/2022,1794
767,vatheyla,921,1291,65,9548,232,11/1/2022,974
768,dcovellelb,202,401,39,8469,333,2/7/2022,999
769,igunthorplc,933,2678,1,3026,861,7/26/2022,2449
770,spatienceld,631,5502,82,8979,234,3/28/2022,2615
771,jpencostle,258,6336,29,6331,206,1/1/2022,1618
772,nshacklefordlf,850,5985,54,4633,74,9/9/2022,745
773,lklausewitzlg,129,4618,28,8661,442,6/8/2022,2469
774,kgalpenlh,802,7283,94,6982,139,8/16/2022,2450
775,byansonsli,927,3441,13,8716,681,12/9/2022,1004
776,trossinlj,915,1568,23,3568,522,4/14/2022,855
777,ssmythlk,960,4035,79,477,408,3/16/2022,1917
778,bdalmanll,925,9389,98,5525,349,11/4/2022,935
779,vtoquetlm,668,1977,39,1677,647,8/15/2022,1572
780,nbrakewellln,747,6580,95,5092,399,3/12/2022,2695
781,aferenczilo,407,9868,38,3957,637,10/4/2022,3346
782,cmunkleylp,192,5642,10,1832,950,12/16/2022,599
783,jashplantlq,46,6910,8,1309,758,9/27/2022,2711
784,djanuarylr,904,1241,40,3056,245,5/1/2022,2448
785,ekamienskils,52,7205,34,7498,592,10/10/2022,3244
786,acitrinelt,600,9887,95,1673,168,10/23/2022,1530
787,lkubinlu,646,2525,46,747,164,3/6/2022,135
788,ltompkinlv,479,9234,82,3303,192,7/18/2022,1342
789,tkinneylw,585,2352,12,7002,670,6/22/2022,2979
790,sfeatherstonhalghlx,959,2863,91,5134,389,1/8/2022,2706
791,ovasyatkinly,628,2977,65,5244,275,11/17/2022,210
792,elawdaylz,921,4129,60,1445,750,11/11/2022,2825
793,kbellefontem0,357,9444,81,3132,47,11/15/2022,2105
794,rlettm1,135,8722,88,7186,174,1/6/2022,1921
795,wjaouenm2,73,7608,55,4436,432,10/20/2022,1019
796,aducarnem3,329,6069,39,4019,3,2/19/2022,2685
797,gjoelm4,947,6907,72,558,744,7/8/2022,2111
798,adehoochm5,410,1683,67,5273,820,7/27/2022,2366
799,hpetraitism6,990,8819,8,5554,252,11/24/2022,1983
800,blermouthm7,101,7118,16,2031,465,6/8/2022,398
801,adeathm8,729,2697,2,3533,137,2/9/2022,2004
802,aloftym9,175,3477,86,4017,443,6/30/2022,3084
803,jtromanma,860,9034,18,7939,285,1/12/2022,1916
804,xbakhrushkinmb,896,4159,59,3077,981,1/30/2022,530
805,lmichallatmc,978,1064,24,858,184,7/13/2022,2279
806,rtilbymd,749,3389,85,9079,492,10/14/2022,3246
807,rfischerme,902,4452,87,6145,4,4/24/2022,2193
808,jgoodbairnmf,931,5355,5,4503,125,10/14/2022,955
809,esoansmg,157,1072,23,6253,772,1/6/2022,553
810,pwhitwammh,148,8951,14,6056,504,2/14/2022,1937
811,rrobichonmi,545,2613,75,880,440,5/15/2022,3163
812,aslackmj,311,6692,38,8360,998,11/3/2022,178
813,ksamettmk,930,4150,65,3141,370,5/10/2022,1411
814,lbeneyml,276,5187,51,7524,460,9/13/2022,2938
815,hgrisenthwaitemm,678,8416,17,9124,282,5/9/2022,1829
816,hstranieromn,630,5678,24,4121,913,6/21/2022,2079
817,ccavilmo,564,6322,54,5741,516,2/17/2022,3299
818,tvasiltsovmp,10,6311,34,6509,922,11/23/2022,861
819,vblackslandmq,909,5765,52,5190,753,3/20/2022,3528
820,rflawnmr,51,8085,23,9331,34,5/14/2022,2095
821,dmewburnms,667,5378,94,7622,290,11/2/2022,317
822,dlorandmt,977,5005,34,5318,541,5/26/2022,1444
823,lendacottmu,673,5811,6,9371,524,10/13/2022,1795
824,mtewmv,154,819,97,8516,720,3/22/2022,332
825,rbourgetmw,977,6859,42,6060,296,8/4/2022,760
826,pshortomx,792,3030,54,4451,235,10/19/2022,771
827,ekupkemy,641,9986,95,2601,860,12/5/2022,6
828,hdittymz,312,4696,89,7345,542,4/21/2022,267
829,fmithonn0,739,2789,54,9930,224,1/16/2022,68
830,smaccrackann1,620,3607,12,5382,940,6/21/2022,1844
831,aterringtonn2,174,8801,68,6668,16,1/25/2022,1440
832,rpalinn3,683,7386,47,2516,519,1/28/2022,2313
833,bsendsn4,944,1553,1,726,614,11/27/2022,2828
834,lateggartn5,869,3688,87,2140,990,12/20/2022,2200
835,espurryern6,132,432,88,4516,285,7/13/2022,1863
836,nbangiardn7,925,7206,39,9385,6,10/21/2022,2446
837,mmassinghamn8,340,4955,30,3750,749,11/27/2022,1205
838,jhuggardn9,828,921,8,9996,639,12/12/2022,1679
839,ljahnckena,658,3637,3,9187,157,11/25/2022,3510
840,kreinhartnb,147,1528,6,1016,386,5/27/2022,393
841,jgregrnc,712,6080,80,6496,860,3/17/2022,620
842,hpocockend,779,955,94,1301,597,3/17/2022,3159
843,mblazekne,892,5942,26,8468,882,12/14/2022,2575
844,aclericoatesnf,763,8731,93,1509,82,3/26/2022,3593
845,karcaseng,608,6377,76,7560,930,6/11/2022,3158
846,svarrownh,431,3980,79,470,436,8/5/2022,1597
847,kcaldicotni,825,3106,86,8463,20,3/22/2022,2161
848,lbirkettnj,690,1913,15,6958,177,4/16/2022,915
849,tmatoninnk,39,9712,92,2124,512,9/24/2022,323
850,hjurcziknl,239,3527,75,5197,33,2/11/2022,3483
851,jgravetnm,963,5891,93,6480,276,7/12/2022,2123
852,pjaszczaknn,374,7980,65,6630,679,12/11/2022,2349
853,dmullochno,225,3018,14,93,823,9/20/2022,2580
854,bkimberleynp,600,5300,24,4313,279,2/17/2022,1018
855,gmaiklemnq,289,5964,92,7679,961,3/8/2022,1814
856,acombenr,113,4628,64,8144,894,11/4/2022,335
857,prhoadesns,266,644,78,4643,234,3/29/2022,1191
858,tstreaknt,691,2831,15,7307,268,1/8/2022,658
859,fullyottnu,747,695,74,3482,382,8/28/2022,2077
860,grickettsnv,662,3720,59,6962,254,7/12/2022,916
861,hhollowsnw,43,5919,91,9058,427,2/1/2022,3035
862,tredleynx,1000,4077,75,4148,905,3/27/2022,235
863,cbrandsmany,14,8760,53,8145,984,5/16/2022,1949
864,bheinnz,776,6596,52,3332,139,9/10/2022,59
865,falcorno0,449,657,17,5977,465,10/12/2022,163
866,rbendao1,649,9001,13,5540,485,8/3/2022,2447
867,vkemmonso2,207,3915,24,7913,360,9/19/2022,3050
868,stripeano3,378,7313,2,5577,466,12/2/2022,264
869,rsellero4,186,8909,43,6250,138,3/5/2022,2699
870,samiableo5,102,8966,60,7690,375,3/7/2022,2271
871,bwoolvino6,433,8334,25,7175,23,5/5/2022,2650
872,hhorribineo7,229,7796,29,323,576,11/8/2022,2841
873,dshearmuro8,59,9393,99,3259,112,2/24/2022,2787
874,cflaoniero9,417,9242,29,5863,31,9/22/2022,2001
875,bboribaloa,622,2553,15,8372,302,5/14/2022,938
876,vclothierob,236,7700,3,4317,621,1/27/2022,2111
877,tranaghanoc,649,3391,91,3512,543,10/24/2022,3516
878,pbraybrookesod,916,3331,88,126,740,11/6/2022,328
879,gronanoe,663,716,1,2896,578,4/28/2022,1912
880,npedrolof,849,5087,86,2328,270,6/5/2022,930
881,cbrandinog,853,3855,48,8063,603,3/12/2022,2015
882,aocallaghanoh,861,8004,100,830,974,7/12/2022,3343
883,gflemmingoi,15,8166,34,5711,824,7/19/2022,725
884,vbembrickoj,702,8506,52,5095,532,12/22/2022,2963
885,abackmanok,720,1461,73,4476,181,10/27/2022,1573
886,smbarronol,830,2687,39,9715,489,11/27/2022,2352
887,iberridgeom,714,1751,87,7276,658,12/17/2022,3067
888,pbartusekon,727,99,79,4520,547,6/24/2022,3414
889,cetheringtonoo,671,1236,93,2782,886,7/13/2022,1296
890,jmarringtonop,246,2139,7,9274,45,5/13/2022,470
891,atreharneoq,726,131,40,7670,720,12/17/2022,581
892,dhattor,123,6803,20,9262,222,9/2/2022,2972
893,ldemarcoos,156,562,37,5432,395,7/9/2022,897
894,aangroveot,587,4872,20,1827,703,1/22/2022,2598
895,lsiebertou,953,2356,0,8170,626,6/29/2022,547
896,fthodayov,347,4176,43,3246,947,5/31/2022,3247
897,bbosworthow,353,6786,98,8633,391,1/23/2022,810
898,erolseox,668,9992,79,623,193,6/22/2022,3270
899,milsleyoy,434,4485,25,2103,673,4/27/2022,1808
900,lpeschmannoz,346,2054,74,1345,149,9/15/2022,3592
901,bhingep0,984,1545,0,6994,391,12/21/2022,1417
902,khurnp1,132,5491,78,7106,15,11/30/2022,1377
903,awaldramp2,493,151,44,4420,619,4/10/2022,725
904,yscantleberryp3,49,7539,80,4233,851,12/13/2022,1652
905,crandalsp4,142,7878,2,8556,897,3/9/2022,2937
906,rdaffeyp5,875,1806,65,5577,697,5/5/2022,8
907,apartonp6,721,9561,90,4372,399,11/18/2022,1670
908,lomarap7,320,6450,1,1033,636,5/26/2022,636
909,tbasilonep8,545,6661,24,9842,849,8/28/2022,114
910,rgrogp9,80,7304,90,5362,258,4/14/2022,3335
911,gdymockepa,783,9878,26,2017,648,3/25/2022,2762
912,cjanssenpb,72,5760,93,6044,869,3/23/2022,3371
913,efarnespc,504,6062,79,2377,702,5/29/2022,2020
914,fbrissonpd,139,2490,19,6561,940,7/23/2022,2178
915,hcalverleype,273,1590,95,1360,785,3/24/2022,1822
916,flonghornepf,897,3300,70,3416,667,12/30/2022,1334
917,rcrucepg,341,6007,87,6642,366,4/19/2022,1640
918,fcotesph,782,8094,34,3363,160,12/19/2022,1386
919,pbriskeypi,987,7310,46,299,149,10/14/2022,3003
920,aduropj,661,5258,75,1923,580,7/17/2022,3035
921,wculypk,81,8879,19,5026,495,11/6/2022,891
922,osnelpl,296,3329,7,4597,152,2/8/2022,78
923,hmachostiepm,115,9048,27,9384,879,1/13/2022,1957
924,psowreypn,567,4896,35,5805,602,7/11/2022,709
925,akirschpo,80,4924,54,9466,876,8/2/2022,83
926,gmatsonpp,73,7939,20,2650,793,12/5/2022,2508
927,rstretepq,170,7249,78,2282,578,2/5/2022,2317
928,cwicklenpr,979,9201,41,7917,129,10/11/2022,2753
929,sdunkertonps,420,5795,88,317,193,10/24/2022,195
930,gpotteridgept,433,4911,75,7899,664,5/12/2022,868
931,phuorticpu,385,440,46,6852,802,7/17/2022,1227
932,bjeggopv,522,4759,69,1469,673,3/29/2022,640
933,zpauelpw,401,6466,20,5236,573,5/15/2022,1823
934,vsedgwickpx,809,8256,73,9734,960,6/4/2022,2142
935,btaytpy,357,1242,19,151,140,6/23/2022,2393
936,tfilinkovpz,40,1636,26,7566,485,11/12/2022,310
937,bvaunq0,215,2313,71,331,785,7/15/2022,109
938,ekeitchq1,513,8041,85,9893,727,11/5/2022,596
939,mjirieckq2,58,1596,9,4964,641,5/17/2022,1786
940,bgarhamq3,946,1438,87,5777,932,6/11/2022,1293
941,ojesticoq4,97,9313,93,7186,496,10/16/2022,2740
942,eforanq5,44,3030,64,1085,170,4/19/2022,904
943,tthomblesonq6,219,6340,80,9099,279,6/24/2022,3469
944,slempelq7,748,803,42,9184,71,12/16/2022,2368
945,twankelq8,380,5849,36,6351,984,4/5/2022,899
946,bjozefowiczq9,395,3477,59,1531,724,11/15/2022,984
947,bboristonqa,785,2126,32,5083,534,4/22/2022,869
948,tilyasqb,622,3992,55,7418,267,7/15/2022,195
949,johingertyqc,310,980,60,9165,218,5/17/2022,2278
950,tmunningsqd,426,96,97,8137,643,4/24/2022,1057
951,jdomineyqe,110,1599,42,1535,542,4/6/2022,32
952,gveazeyqf,845,5017,52,984,337,12/27/2022,2187
953,smealeqg,145,4901,74,4704,70,8/21/2022,1708
954,asimonaitisqh,168,554,93,4463,466,9/29/2022,1832
955,mliftonqi,102,4137,51,3743,866,1/14/2022,1076
956,hberensqj,736,1698,77,923,544,7/21/2022,2344
957,wdelahayeqk,276,4392,68,4743,27,11/21/2022,1170
958,ccuerdaql,677,9692,67,1753,212,12/17/2022,2408
959,jyurkovqm,148,8525,17,712,42,9/10/2022,300
960,egibbesonqn,711,4426,40,8841,889,12/30/2022,565
961,mkaufmanqo,461,9986,78,1316,835,1/18/2022,2724
962,pstackbridgeqp,982,6929,54,7548,89,3/9/2022,3565
963,mfeldharkerqq,740,2366,19,524,971,9/2/2022,1297
964,ghydeqr,471,8856,83,6571,807,10/10/2022,2845
965,rstreatfieldqs,39,4009,59,6194,39,7/12/2022,1181
966,rdalmanqt,362,3392,33,9361,630,7/16/2022,804
967,hdaffornequ,247,6210,56,4632,734,12/19/2022,2558
968,cklambtqv,361,5956,95,3862,935,11/23/2022,2918
969,lfootittqw,192,6063,62,582,47,6/3/2022,870
970,ebartellqx,501,5546,47,9455,919,6/22/2022,811
971,shugganqy,652,6595,19,6957,996,4/22/2022,2563
972,tquinnetqz,156,2036,52,8305,844,12/25/2022,1011
973,wsterrickerr0,27,6315,72,9303,373,9/5/2022,1801
974,csweynsonr1,766,3450,25,1187,807,5/26/2022,68
975,vsheerer2,942,3437,18,8458,62,6/11/2022,2205
976,rnorthidger3,816,4337,38,8234,228,10/6/2022,189
977,kjollandsr4,929,3834,12,7132,812,12/10/2022,1230
978,mspurrr5,539,297,77,3672,52,4/30/2022,3073
979,dglasspoolr6,174,8986,70,5040,901,1/4/2022,1909
980,hfortunr7,56,9974,54,4157,399,1/6/2022,1567
981,lrountreer8,844,107,45,860,42,1/19/2022,1087
982,mcanasr9,129,7367,56,5637,673,10/30/2022,3128
983,hgerrellra,198,233,99,4334,541,9/12/2022,3398
984,jdysertrb,272,4892,17,9191,685,7/16/2022,49
985,cverrillsrc,683,2482,81,582,484,11/5/2022,1993
986,ofolkerrd,712,6358,59,4458,945,12/5/2022,182
987,sverseyre,556,5931,10,8780,690,4/8/2022,2178
988,ananellirf,998,3232,48,8514,492,8/22/2022,3038
989,gbriiginshawrg,47,1758,0,7588,623,9/22/2022,750
990,wjosowitzrh,977,9495,72,3102,260,5/12/2022,2307
991,tmccallamri,435,1739,29,7984,769,6/23/2022,2845
992,jcoppinsrj,7,6654,74,6525,82,9/21/2022,3228
993,neadenrk,662,6010,91,2971,602,8/30/2022,2654
994,fsirkettrl,790,9293,23,2759,174,6/28/2022,65
995,earzurm,32,4495,12,5274,722,3/22/2022,2082
996,aneilanrn,462,2327,85,5253,193,1/20/2022,1944
997,nhaldinro,311,3996,96,7802,314,6/9/2022,532
998,gkalvinrp,793,3431,34,435,169,3/24/2022,2937
999,hsycerq,559,3153,12,5458,100,10/23/2022,1565
1000,vcristoforettirr,193,3106,35,4663,202,9/21/2022,885
